{"FB-FB-FB": [0, 0, 0, 0], "FB-FB-FL": [0, 0, 0, 1], "FB-FB-TW": [0, 0, 0, 2], "FB-FL-FB": [0, 0, 1, 0], "FB-FL-FL": [0, 0, 1, 1], "FB-FL-TW": [0, 0, 1, 2], "FB-TW-FB": [0, 0, 2, 0], "FB-TW-FL": [0, 0, 2, 1], "FB-TW-TW": [0, 0, 2, 2], "FL-FB-FB": [0, 1, 0, 0], "FL-FB-FL": [0, 1, 0, 1], "FL-FB-TW": [0, 1, 0, 2], "FL-FL-FB": [0, 1, 1, 0], "FL-FL-FL": [0, 1, 1, 1], "FL-FL-TW": [0, 1, 1, 2], "FL-TW-FB": [0, 1, 2, 0], "FL-TW-FL": [0, 1, 2, 1], "FL-TW-TW": [0, 1, 2, 2], "TW-FB-FB": [0, 2, 0, 0], "TW-FB-FL": [0, 2, 0, 1], "TW-FB-TW": [0, 2, 0, 2], "TW-FL-FB": [0, 2, 1, 0], "TW-FL-FL": [0, 2, 1, 1], "TW-FL-TW": [0, 2, 1, 2], "TW-TW-FB": [0, 2, 2, 0], "TW-TW-FL": [0, 2, 2, 1], "TW-TW-TW": [0, 2, 2, 2], "error-ori-FB": [0, 3, 3, 0], "error-ori-FL": [0, 3, 3, 1], "error-ori-TW": [0, 3, 3, 2], "ori-FB-FB": [0, 3, 0, 0], "ori-FB-FL": [0, 3, 0, 1], "ori-FB-TW": [0, 3, 0, 2], "ori-FL-FB": [0, 3, 1, 0], "ori-FL-FL": [0, 3, 1, 1], "ori-FL-TW": [0, 3, 1, 2], "ori-TW-FB": [0, 3, 2, 0], "ori-TW-FL": [0, 3, 2, 1], "ori-TW-TW": [0, 3, 2, 2]}